{"bible_id":"ENGESV","book_id":"MAT","chapter":"1","filesets":{"video":{"gospel_films":[{"book_id":"MAT","book_name":"Matthew","chapter_start":1,"chapter_end":null,"verse_start":1,"verse_end":17,"thumbnail":"https:\/\/dbp-vid.s3.amazonaws.com\/video\/thumbnails\/MAT_01.jpg?AWSAccessKeyId=ASIA4UV5U6AAAGPNCWUL&Signature=7qsycf1Fu067il37WCQycJh2N7k%3D&x-amz-security-token=FwoGZXIvYXdzEL3%2F%2F%2F%2F%2F%2F%2F%2F%2F%2FwEaDHEKgrTxC6GNIZSxjiK7AaQx2Xfqt6yP8eUufipMk%2FM6aEU2KYK88PtkE2pZXXuqMdpGNrXSNZZBU2byua82NKNmXSjEi2sDBYNFQNPDxPIxVgbQP2xIbEFYW9R9JGboKGHeRqeT84BKOdqwxXV3nhmsD%2FbkhtMkHhTZZVkeesQFXElvWvPW3ba5fHEyko%2FGZJaSPzGkviKGlEXyYizHasxpX3k8%2F63pg7pOWWFjb%2FGqS56Sea2iOVsKVq9gDcnwnualzK14Mye4UqcotvaQ9gUyLZnO%2B1cexZAMMROms4Cif025eYaJLCQ8HJ8qVzcOCvWhBAQ8T04738T91iCUCg%3D%3D&x-amz-transaction=6866122&Expires=1590004918","timestamp":null,"path":"http:\/\/dbp.test\/api\/bible\/filesets\/ENGESVP2DV\/2120810\/playlist.m3u8","duration":201},{"book_id":"MAT","book_name":"Matthew","chapter_start":1,"chapter_end":null,"verse_start":18,"verse_end":25,"thumbnail":"https:\/\/dbp-vid.s3.amazonaws.com\/video\/thumbnails\/MAT_01.jpg?AWSAccessKeyId=ASIA4UV5U6AAAGPNCWUL&Signature=Ynzfd3jmUpUmqESAJJWDJQ7jfHU%3D&x-amz-security-token=FwoGZXIvYXdzEL3%2F%2F%2F%2F%2F%2F%2F%2F%2F%2FwEaDHEKgrTxC6GNIZSxjiK7AaQx2Xfqt6yP8eUufipMk%2FM6aEU2KYK88PtkE2pZXXuqMdpGNrXSNZZBU2byua82NKNmXSjEi2sDBYNFQNPDxPIxVgbQP2xIbEFYW9R9JGboKGHeRqeT84BKOdqwxXV3nhmsD%2FbkhtMkHhTZZVkeesQFXElvWvPW3ba5fHEyko%2FGZJaSPzGkviKGlEXyYizHasxpX3k8%2F63pg7pOWWFjb%2FGqS56Sea2iOVsKVq9gDcnwnualzK14Mye4UqcotvaQ9gUyLZnO%2B1cexZAMMROms4Cif025eYaJLCQ8HJ8qVzcOCvWhBAQ8T04738T91iCUCg%3D%3D&x-amz-transaction=4176216&Expires=1590004918","timestamp":null,"path":"http:\/\/dbp.test\/api\/bible\/filesets\/ENGESVP2DV\/2120811\/playlist.m3u8","duration":129}],"jesus_films":[]},"audio":{"drama":{"book_id":"MAT","book_name":"Matthew","chapter_start":1,"chapter_end":null,"verse_start":1,"verse_end":null,"thumbnail":null,"timestamp":null,"path":"ENGESVN2DA-MAT-1.mp3","duration":210,"fileset":{"id":"ENGESVN2DA","asset_id":"dbp-prod","set_type_code":"audio_drama","set_size_code":"NT"}},"non_drama":{"book_id":"MAT","book_name":"Matthew","chapter_start":1,"chapter_end":null,"verse_start":1,"verse_end":null,"thumbnail":null,"timestamp":null,"path":"ENGESVN1DA-MAT-1.mp3","duration":210,"fileset":{"id":"ENGESVN1DA","asset_id":"dbp-prod","set_type_code":"audio","set_size_code":"NT"}}},"text":{"verses":[{"book_id":"MAT","book_name":"Matthew","book_name_alt":"Matthew","chapter":1,"chapter_alt":"1","verse_start":1,"verse_start_alt":"1","verse_end":1,"verse_end_alt":"1","verse_text":"The book of the genealogy of Jesus Christ, the son of David, the son of Abraham."},{"book_id":"MAT","book_name":"Matthew","book_name_alt":"Matthew","chapter":1,"chapter_alt":"1","verse_start":2,"verse_start_alt":"2","verse_end":2,"verse_end_alt":"2","verse_text":"Abraham was the father of Isaac, and Isaac the father of Jacob, and Jacob the father of Judah and his brothers,"},{"book_id":"MAT","book_name":"Matthew","book_name_alt":"Matthew","chapter":1,"chapter_alt":"1","verse_start":3,"verse_start_alt":"3","verse_end":3,"verse_end_alt":"3","verse_text":"and Judah the father of Perez and Zerah by Tamar, and Perez the father of Hezron, and Hezron the father of Ram,"},{"book_id":"MAT","book_name":"Matthew","book_name_alt":"Matthew","chapter":1,"chapter_alt":"1","verse_start":4,"verse_start_alt":"4","verse_end":4,"verse_end_alt":"4","verse_text":"and Ram the father of Amminadab, and Amminadab the father of Nahshon, and Nahshon the father of Salmon,"},{"book_id":"MAT","book_name":"Matthew","book_name_alt":"Matthew","chapter":1,"chapter_alt":"1","verse_start":5,"verse_start_alt":"5","verse_end":5,"verse_end_alt":"5","verse_text":"and Salmon the father of Boaz by Rahab, and Boaz the father of Obed by Ruth, and Obed the father of Jesse,"},{"book_id":"MAT","book_name":"Matthew","book_name_alt":"Matthew","chapter":1,"chapter_alt":"1","verse_start":6,"verse_start_alt":"6","verse_end":6,"verse_end_alt":"6","verse_text":"and Jesse the father of David the king. And David was the father of Solomon by the wife of Uriah,"},{"book_id":"MAT","book_name":"Matthew","book_name_alt":"Matthew","chapter":1,"chapter_alt":"1","verse_start":7,"verse_start_alt":"7","verse_end":7,"verse_end_alt":"7","verse_text":"and Solomon the father of Rehoboam, and Rehoboam the father of Abijah, and Abijah the father of Asaph,"},{"book_id":"MAT","book_name":"Matthew","book_name_alt":"Matthew","chapter":1,"chapter_alt":"1","verse_start":8,"verse_start_alt":"8","verse_end":8,"verse_end_alt":"8","verse_text":"and Asaph the father of Jehoshaphat, and Jehoshaphat the father of Joram, and Joram the father of Uzziah,"},{"book_id":"MAT","book_name":"Matthew","book_name_alt":"Matthew","chapter":1,"chapter_alt":"1","verse_start":9,"verse_start_alt":"9","verse_end":9,"verse_end_alt":"9","verse_text":"and Uzziah the father of Jotham, and Jotham the father of Ahaz, and Ahaz the father of Hezekiah,"},{"book_id":"MAT","book_name":"Matthew","book_name_alt":"Matthew","chapter":1,"chapter_alt":"1","verse_start":10,"verse_start_alt":"10","verse_end":10,"verse_end_alt":"10","verse_text":"and Hezekiah the father of Manasseh, and Manasseh the father of Amos, and Amos the father of Josiah,"},{"book_id":"MAT","book_name":"Matthew","book_name_alt":"Matthew","chapter":1,"chapter_alt":"1","verse_start":11,"verse_start_alt":"11","verse_end":11,"verse_end_alt":"11","verse_text":"and Josiah the father of Jechoniah and his brothers, at the time of the deportation to Babylon."},{"book_id":"MAT","book_name":"Matthew","book_name_alt":"Matthew","chapter":1,"chapter_alt":"1","verse_start":12,"verse_start_alt":"12","verse_end":12,"verse_end_alt":"12","verse_text":"And after the deportation to Babylon: Jechoniah was the father of Shealtiel, and Shealtiel the father of Zerubbabel,"},{"book_id":"MAT","book_name":"Matthew","book_name_alt":"Matthew","chapter":1,"chapter_alt":"1","verse_start":13,"verse_start_alt":"13","verse_end":13,"verse_end_alt":"13","verse_text":"and Zerubbabel the father of Abiud, and Abiud the father of Eliakim, and Eliakim the father of Azor,"},{"book_id":"MAT","book_name":"Matthew","book_name_alt":"Matthew","chapter":1,"chapter_alt":"1","verse_start":14,"verse_start_alt":"14","verse_end":14,"verse_end_alt":"14","verse_text":"and Azor the father of Zadok, and Zadok the father of Achim, and Achim the father of Eliud,"},{"book_id":"MAT","book_name":"Matthew","book_name_alt":"Matthew","chapter":1,"chapter_alt":"1","verse_start":15,"verse_start_alt":"15","verse_end":15,"verse_end_alt":"15","verse_text":"and Eliud the father of Eleazar, and Eleazar the father of Matthan, and Matthan the father of Jacob,"},{"book_id":"MAT","book_name":"Matthew","book_name_alt":"Matthew","chapter":1,"chapter_alt":"1","verse_start":16,"verse_start_alt":"16","verse_end":16,"verse_end_alt":"16","verse_text":"and Jacob the father of Joseph the husband of Mary, of whom Jesus was born, who is called Christ."},{"book_id":"MAT","book_name":"Matthew","book_name_alt":"Matthew","chapter":1,"chapter_alt":"1","verse_start":17,"verse_start_alt":"17","verse_end":17,"verse_end_alt":"17","verse_text":"So all the generations from Abraham to David were fourteen generations, and from David to the deportation to Babylon fourteen generations, and from the deportation to Babylon to the Christ fourteen generations."},{"book_id":"MAT","book_name":"Matthew","book_name_alt":"Matthew","chapter":1,"chapter_alt":"1","verse_start":18,"verse_start_alt":"18","verse_end":18,"verse_end_alt":"18","verse_text":"Now the birth of Jesus Christ took place in this way. When his mother Mary had been betrothed to Joseph, before they came together she was found to be with child from the Holy Spirit."},{"book_id":"MAT","book_name":"Matthew","book_name_alt":"Matthew","chapter":1,"chapter_alt":"1","verse_start":19,"verse_start_alt":"19","verse_end":19,"verse_end_alt":"19","verse_text":"And her husband Joseph, being a just man and unwilling to put her to shame, resolved to divorce her quietly."},{"book_id":"MAT","book_name":"Matthew","book_name_alt":"Matthew","chapter":1,"chapter_alt":"1","verse_start":20,"verse_start_alt":"20","verse_end":20,"verse_end_alt":"20","verse_text":"But as he considered these things, behold, an angel of the Lord appeared to him in a dream, saying, \u201cJoseph, son of David, do not fear to take Mary as your wife, for that which is conceived in her is from the Holy Spirit."},{"book_id":"MAT","book_name":"Matthew","book_name_alt":"Matthew","chapter":1,"chapter_alt":"1","verse_start":21,"verse_start_alt":"21","verse_end":21,"verse_end_alt":"21","verse_text":"She will bear a son, and you shall call his name Jesus, for he will save his people from their sins.\u201d"},{"book_id":"MAT","book_name":"Matthew","book_name_alt":"Matthew","chapter":1,"chapter_alt":"1","verse_start":22,"verse_start_alt":"22","verse_end":22,"verse_end_alt":"22","verse_text":"All this took place to fulfill what the Lord had spoken by the prophet:"},{"book_id":"MAT","book_name":"Matthew","book_name_alt":"Matthew","chapter":1,"chapter_alt":"1","verse_start":23,"verse_start_alt":"23","verse_end":23,"verse_end_alt":"23","verse_text":"\u201cBehold, the virgin shall conceive and bear a son, and they shall call his name Immanuel\u201d (which means, God with us)."},{"book_id":"MAT","book_name":"Matthew","book_name_alt":"Matthew","chapter":1,"chapter_alt":"1","verse_start":24,"verse_start_alt":"24","verse_end":24,"verse_end_alt":"24","verse_text":"When Joseph woke from sleep, he did as the angel of the Lord commanded him: he took his wife,"},{"book_id":"MAT","book_name":"Matthew","book_name_alt":"Matthew","chapter":1,"chapter_alt":"1","verse_start":25,"verse_start_alt":"25","verse_end":25,"verse_end_alt":"25","verse_text":"but knew her not until she had given birth to a son. And he called his name Jesus."}],"formatted_verses":"<!DOCTYPE html>\n<html><head><meta charset=\"utf-8\" \/>\n<meta name=\"viewport\" content=\"width=device-width, initial-scale=1.0, user-scalable=no\" \/>\n<title>[Bible] Matthew 1<\/title>\n<link href=\"mobile.css\" rel=\"stylesheet\" \/>\n<link href=\"fallback.css\" rel=\"stylesheet\" \/>\n <meta property=\"og:title\" content=\"[Bible]\" \/>\n<meta property=\"og:type\" content=\"book\" \/>\n<meta property=\"og:author\" content=\"N\/A\" \/>\n<meta property=\"og:url\" content=\"https:\/\/dbs.org\/bibles\/ENGESV\/ENGESV_70_MAT_1\/\" \/>\n<meta property=\"og:image\" content=\"https:\/\/images.dbs.org\/bibles\/covers\/ENGESV.jpg\" \/>\n<\/head><body dir=\"ltr\" class=\"section-document\">\n<div class=\"header\"><div class=\"nav\">\n<a class=\"home\" href='index.html'> &#9776; <\/a>\n<a class=\"location latin\" href='ENGESV_70_MAT.html'> Matthew 1 <\/a>\n<a class=\"prev\" href='ENGESV_40_MAL_4.html'>&#8592;<\/a>\n<a class=\"next\" href='ENGESV_70_MAT_2.html'> &#8594; <\/a>\n<\/div><\/div>\n<div class=\"chapter section ENGESV_70_MAT_1 ENGESV ENG MAT latin\" dir=\"ltr\" data-id=\"ENGESV_70_MAT_1\" data-nextid=\"MAT2\" data-previd=\"MAL4\" lang=\"ENG\">\n<div class=\"c\">1<\/div><p><span class=\"verse1 v-num v-1\">1&#160;<\/span><span class=\"v MAT1_1\" data-id=\"MAT1_1\">The book of the genealogy of Jesus Christ, the son of David, the son of Abraham.<\/span>\n<span class=\"verse2 v-num v-2\">2&#160;<\/span><span class=\"v MAT1_2\" data-id=\"MAT1_2\">Abraham was the father of Isaac, and Isaac the father of Jacob, and Jacob the father of Judah and his brothers,<\/span>\n<span class=\"verse3 v-num v-3\">3&#160;<\/span><span class=\"v MAT1_3\" data-id=\"MAT1_3\">and Judah the father of Perez and Zerah by Tamar, and Perez the father of Hezron, and Hezron the father of Ram,<\/span>\n<span class=\"verse4 v-num v-4\">4&#160;<\/span><span class=\"v MAT1_4\" data-id=\"MAT1_4\">and Ram the father of Amminadab, and Amminadab the father of Nahshon, and Nahshon the father of Salmon,<\/span>\n<span class=\"verse5 v-num v-5\">5&#160;<\/span><span class=\"v MAT1_5\" data-id=\"MAT1_5\">and Salmon the father of Boaz by Rahab, and Boaz the father of Obed by Ruth, and Obed the father of Jesse,<\/span>\n<span class=\"verse6 v-num v-6\">6&#160;<\/span><span class=\"v MAT1_6\" data-id=\"MAT1_6\">and Jesse the father of David the king. And David was the father of Solomon by the wife of Uriah,<\/span>\n<span class=\"verse7 v-num v-7\">7&#160;<\/span><span class=\"v MAT1_7\" data-id=\"MAT1_7\">and Solomon the father of Rehoboam, and Rehoboam the father of Abijah, and Abijah the father of Asaph,<\/span>\n<span class=\"verse8 v-num v-8\">8&#160;<\/span><span class=\"v MAT1_8\" data-id=\"MAT1_8\">and Asaph the father of Jehoshaphat, and Jehoshaphat the father of Joram, and Joram the father of Uzziah,<\/span>\n<span class=\"verse9 v-num v-9\">9&#160;<\/span><span class=\"v MAT1_9\" data-id=\"MAT1_9\">and Uzziah the father of Jotham, and Jotham the father of Ahaz, and Ahaz the father of Hezekiah,<\/span>\n<span class=\"verse10 v-num v-10\">10&#160;<\/span><span class=\"v MAT1_10\" data-id=\"MAT1_10\">and Hezekiah the father of Manasseh, and Manasseh the father of Amos, and Amos the father of Josiah,<\/span>\n<span class=\"verse11 v-num v-11\">11&#160;<\/span><span class=\"v MAT1_11\" data-id=\"MAT1_11\">and Josiah the father of Jechoniah and his brothers, at the time of the deportation to Babylon.<\/span>\n<span class=\"verse12 v-num v-12\">12&#160;<\/span><span class=\"v MAT1_12\" data-id=\"MAT1_12\">And after the deportation to Babylon: Jechoniah was the father of Shealtiel, and Shealtiel the father of Zerubbabel,<\/span>\n<span class=\"verse13 v-num v-13\">13&#160;<\/span><span class=\"v MAT1_13\" data-id=\"MAT1_13\">and Zerubbabel the father of Abiud, and Abiud the father of Eliakim, and Eliakim the father of Azor,<\/span>\n<span class=\"verse14 v-num v-14\">14&#160;<\/span><span class=\"v MAT1_14\" data-id=\"MAT1_14\">and Azor the father of Zadok, and Zadok the father of Achim, and Achim the father of Eliud,<\/span>\n<span class=\"verse15 v-num v-15\">15&#160;<\/span><span class=\"v MAT1_15\" data-id=\"MAT1_15\">and Eliud the father of Eleazar, and Eleazar the father of Matthan, and Matthan the father of Jacob,<\/span>\n<span class=\"verse16 v-num v-16\">16&#160;<\/span><span class=\"v MAT1_16\" data-id=\"MAT1_16\">and Jacob the father of Joseph the husband of Mary, of whom Jesus was born, who is called Christ.<\/span>\n<span class=\"verse17 v-num v-17\">17&#160;<\/span><span class=\"v MAT1_17\" data-id=\"MAT1_17\">So all the generations from Abraham to David were fourteen generations, and from David to the deportation to Babylon fourteen generations, and from the deportation to Babylon to the Christ fourteen generations.<\/span>\n<span class=\"verse18 v-num v-18\">18&#160;<\/span><span class=\"v MAT1_18\" data-id=\"MAT1_18\">Now the birth of Jesus Christ took place in this way. When his mother Mary had been betrothed to Joseph, before they came together she was found to be with child from the Holy Spirit.<\/span>\n<span class=\"verse19 v-num v-19\">19&#160;<\/span><span class=\"v MAT1_19\" data-id=\"MAT1_19\">And her husband Joseph, being a just man and unwilling to put her to shame, resolved to divorce her quietly.<\/span>\n<span class=\"verse20 v-num v-20\">20&#160;<\/span><span class=\"v MAT1_20\" data-id=\"MAT1_20\">But as he considered these things, behold, an angel of the Lord appeared to him in a dream, saying, \u201cJoseph, son of David, do not fear to take Mary as your wife, for that which is conceived in her is from the Holy Spirit.<\/span>\n<span class=\"verse21 v-num v-21\">21&#160;<\/span><span class=\"v MAT1_21\" data-id=\"MAT1_21\">She will bear a son, and you shall call his name Jesus, for he will save his people from their sins.\u201d<\/span>\n<span class=\"verse22 v-num v-22\">22&#160;<\/span><span class=\"v MAT1_22\" data-id=\"MAT1_22\">All this took place to fulfill what the Lord had spoken by the prophet:<\/span>\n<span class=\"verse23 v-num v-23\">23&#160;<\/span><span class=\"v MAT1_23\" data-id=\"MAT1_23\">\u201cBehold, the virgin shall conceive and bear a son, and they shall call his name Immanuel\u201d (which means, God with us).<\/span>\n<span class=\"verse24 v-num v-24\">24&#160;<\/span><span class=\"v MAT1_24\" data-id=\"MAT1_24\">When Joseph woke from sleep, he did as the angel of the Lord commanded him: he took his wife,<\/span>\n<span class=\"verse25 v-num v-25\">25&#160;<\/span><span class=\"v MAT1_25\" data-id=\"MAT1_25\">but knew her not until she had given birth to a son. And he called his name Jesus.<\/span>\n<\/p>\n<\/div>\n<div class=\"footnotes\">\n\n<\/div>\n\n<div class=\"footer\"><div class=\"nav\">\n<a class=\"home\" href='index.html'> &#9776; <\/a>\n<a class=\"prev\" href='ENGESV_40_MAL_4.html'>&#8592;<\/a>\n<a class=\"next\" href='ENGESV_70_MAT_2.html'> &#8594; <\/a>\n<\/div><\/div>\n<\/body><\/html>"},"downloads":[{"path":"https:\/\/content.cdn.dbp-prod.dbp4.org\/audio\/ENGESV\/ENGESVN2DA\/B01___01_Matthew_____ENGESVN2DA.mp3?x-amz-transaction=1078260&Expires=1590004918&Signature=bHw4XRYSlyph7oz6PiJqh8YvruoW4a8nb1GONtMP6cUjsRx415a7cRXZ1XJf3~R7Bm9--4CWX-QaaoonmTrZwf2IuhhomEmA8Olp0FoLJtO5jPBFs5Kf3qXihl0ZPJTit3KUe5zfAoZei-DgY~Vwkz7DCGPHK85EnIFFwp2W-gl7oP9k2ANKRxaTrYfUswTtQsZHlwrfBMe3k8BjsgLg5pf~rfvo1c4~5~KXAUx6oCE0SSH8JLSSk4dvaqvCAFrHAqdRevSIujtVjR3Zt305HgZtd~2Tze00YZiy9aTx8sEkmKMHe6~5DeapdY0POtgqG3~7JP4yh22zdPIkLTGWrA__&Key-Pair-Id=APKAI4ULLVMANLYYPTLQ","file_name":"ENGESVN2DA-MAT-1.mp3"},{"path":"https:\/\/content.cdn.dbp-prod.dbp4.org\/audio\/ENGESV\/ENGESVN1DA\/B01___01_Matthew_____ENGESVN1DA.mp3?x-amz-transaction=7618245&Expires=1590004918&Signature=bpxPKUOb6kjdxYrMMgCOY8CHMedc9Qv2IYphVQFnx3gAKcPDn12CsGIfNlqBUG9GoPspkpBmBd41R1ZRQfd-29Sf2SmfUoE8nP5VqmxacxsPcvRHsCX66Dd0YIInpkrAKuQ9k5Srdtqnhkco6VTqs8qSPPdO1efc89YWHjtk3j2nkZ3bijjSWyKh5N1P~Us4CyC5zuOgL5YopeVlSH4s8jh0IpWht~V0iW~sG2GOGbRJdstF~~LNC0vdYIZkLTrbrDxEo3d3fENbvwtZtTG9Cjb33qYAA-yunEMftbd44BXKK9ymLRVsINGPrHhMPetrDA6De3MgywaOggpvVpkkDw__&Key-Pair-Id=APKAI4ULLVMANLYYPTLQ","file_name":"ENGESVN1DA-MAT-1.mp3"}]},"timestamps":{"drama":[{"verse_start":"1","timestamp":3.9},{"verse_start":"2","timestamp":8.93},{"verse_start":"3","timestamp":16.8},{"verse_start":"4","timestamp":24.8},{"verse_start":"5","timestamp":31.4},{"verse_start":"6","timestamp":40.2},{"verse_start":"7","timestamp":47.4},{"verse_start":"8","timestamp":55.05},{"verse_start":"9","timestamp":62.89},{"verse_start":"10","timestamp":70.66},{"verse_start":"11","timestamp":78.44},{"verse_start":"12","timestamp":84.85},{"verse_start":"13","timestamp":92.57},{"verse_start":"14","timestamp":100.15},{"verse_start":"15","timestamp":106.86},{"verse_start":"16","timestamp":114.5},{"verse_start":"17","timestamp":122.87},{"verse_start":"18","timestamp":139.82},{"verse_start":"19","timestamp":151.09},{"verse_start":"20","timestamp":158.32},{"verse_start":"21","timestamp":174.21},{"verse_start":"22","timestamp":181.83},{"verse_start":"23","timestamp":186.04},{"verse_start":"24","timestamp":196.29},{"verse_start":"25","timestamp":201.46}],"non_drama":[{"verse_start":"0","timestamp":0},{"verse_start":"1","timestamp":7.52},{"verse_start":"2","timestamp":10.2},{"verse_start":"3","timestamp":17.08},{"verse_start":"4","timestamp":24.7},{"verse_start":"5","timestamp":31.68},{"verse_start":"6","timestamp":40.2},{"verse_start":"7","timestamp":47.68},{"verse_start":"8","timestamp":55.32},{"verse_start":"9","timestamp":63.2},{"verse_start":"10","timestamp":70.56},{"verse_start":"11","timestamp":78.72},{"verse_start":"12","timestamp":84.7},{"verse_start":"13","timestamp":92.84},{"verse_start":"14","timestamp":100.04},{"verse_start":"15","timestamp":106.92},{"verse_start":"16","timestamp":114.38},{"verse_start":"17","timestamp":122.78},{"verse_start":"18","timestamp":139.5},{"verse_start":"19","timestamp":151.04},{"verse_start":"20","timestamp":159.08},{"verse_start":"21","timestamp":174.1},{"verse_start":"22","timestamp":181.54},{"verse_start":"23","timestamp":185.84},{"verse_start":"24","timestamp":195.72},{"verse_start":"25","timestamp":201.56}]}}